GdxjYQ1oQW5SPkaQXVRtDSgzxBVi3cYh8T8NADMUSMEW;GGxsQ1fVh6cDMpKtJwzQN3ZdSjS95GJa8V8SNCjYwPNu;23
GGxsQ1fVh6cDMpKtJwzQN3ZdSjS95GJa8V8SNCjYwPNu;H92R1kj4cJiuSdGBRAW5jX4g4ngff4oGQ3bFffJC7xPj;29
H92R1kj4cJiuSdGBRAW5jX4g4ngff4oGQ3bFffJC7xPj;LB4JCsuWPqYuB99qe9cCS8bucpCWHrx5qg8PvLFpTfhU;84
LB4JCsuWPqYuB99qe9cCS8bucpCWHrx5qg8PvLFpTfhU;LrRmj42dt9ZgS9asivkpNMLZxaCFQXxXDY8o7KQ72WQN;15
LrRmj42dt9ZgS9asivkpNMLZxaCFQXxXDY8o7KQ72WQN;8a9S17ZAaJtRFETQaf8vx5fRRUdpxL6DS5EPqTHicsfT;58
8a9S17ZAaJtRFETQaf8vx5fRRUdpxL6DS5EPqTHicsfT;4NU4oar19eLuwcx8B9mmzGtQbxGy4HUMzEBrvWrYoQec;19
4NU4oar19eLuwcx8B9mmzGtQbxGy4HUMzEBrvWrYoQec;V1JzpJGERARCT34sZVoZHrioWNdSjRKhey7W9R5xA6GQ;81
V1JzpJGERARCT34sZVoZHrioWNdSjRKhey7W9R5xA6GQ;GPxvVGHHqURsXquw41XfUzDSimNoRzbkq5GuT8w4X82r;17
GPxvVGHHqURsXquw41XfUzDSimNoRzbkq5GuT8w4X82r;JjaAHChGZtCp3QqZPA51LrZuwtotCR6tz6tYhfxEqMTu;48
JjaAHChGZtCp3QqZPA51LrZuwtotCR6tz6tYhfxEqMTu;Rua8GMmeCh2Tbb86Y7cPDWQC4MUDUHsmZ2m6eYK9cd1Y;15
Rua8GMmeCh2Tbb86Y7cPDWQC4MUDUHsmZ2m6eYK9cd1Y;TRDLVhhH8ozHwwqTFVmK6uHnLYQw5PH3Q3YqPW5YbAzT;36
TRDLVhhH8ozHwwqTFVmK6uHnLYQw5PH3Q3YqPW5YbAzT;KGFvV1fquWLYjRigEx8TWdwXq9KfC45Rk8j8pF1bLQva;49
KGFvV1fquWLYjRigEx8TWdwXq9KfC45Rk8j8pF1bLQva;WnBBr3badPLabe5SrSQA675EPTa8twHh6KN7SjtWTFAw;91
WnBBr3badPLabe5SrSQA675EPTa8twHh6KN7SjtWTFAw;ALJm2EE4KSwVWMXkkATk1aB5gpFiWZBCXJqHxdMoF8Qd;26
ALJm2EE4KSwVWMXkkATk1aB5gpFiWZBCXJqHxdMoF8Qd;3pzWcqTZ9giBoHjKg8BBzSAcTvpBRmmzaAh9GxMLE248;89
3pzWcqTZ9giBoHjKg8BBzSAcTvpBRmmzaAh9GxMLE248;EkmfiTCkq1QHvEYDR8cjhTNEUyEmiMk6BsS8P3E6QrZw;22
EkmfiTCkq1QHvEYDR8cjhTNEUyEmiMk6BsS8P3E6QrZw;CY8YXTBnS47vCZ6Pz6vHpmpid8we17drVkqh5cqGhGYS;63
CY8YXTBnS47vCZ6Pz6vHpmpid8we17drVkqh5cqGhGYS;BGV9b5U4Af2uzSzcJSHuu4dW17zixrvr982h7ynAP9NL;57
BGV9b5U4Af2uzSzcJSHuu4dW17zixrvr982h7ynAP9NL;FKbUwcShZefqVE9oJUZP91MdTWRwiQJZ1u7Xc3F6xHoK;33
FKbUwcShZefqVE9oJUZP91MdTWRwiQJZ1u7Xc3F6xHoK;28gTte7b7bWddPi9XM5zZvM2Yj7YBET2xt2NmcuJTZyx;10
28gTte7b7bWddPi9XM5zZvM2Yj7YBET2xt2NmcuJTZyx;PUEC5EegpESZbgQtS6VgA7pjFQjZoTtstMAeYs32ZYRJ;50
PUEC5EegpESZbgQtS6VgA7pjFQjZoTtstMAeYs32ZYRJ;AMmKrHN5gbfteQgpiBC9cjE67xQygV3cpnmny3ozu2Bs;56
AMmKrHN5gbfteQgpiBC9cjE67xQygV3cpnmny3ozu2Bs;3pgFnt9Zp9xFysuXksYpTgqn382W8ErsBD2VctwEQ2Vh;85
3pgFnt9Zp9xFysuXksYpTgqn382W8ErsBD2VctwEQ2Vh;PBmnrbxtJLvUmyxM17ir5pN6o3rkzAs2m6HvkZH3Z3Jr;4
PBmnrbxtJLvUmyxM17ir5pN6o3rkzAs2m6HvkZH3Z3Jr;QJJ9ERZuXjGSMtF7WKkp9Fkf5EnZLNUFm22sPL5XHgpn;10
QJJ9ERZuXjGSMtF7WKkp9Fkf5EnZLNUFm22sPL5XHgpn;WgoQaiWW7yivCsU7uhBEvVYMJiFBXch756TCfYw6k75i;63
WgoQaiWW7yivCsU7uhBEvVYMJiFBXch756TCfYw6k75i;Q1ejepNyB3JeRBDaGbgoohLGzfygnnv5BX7XM5WiTJbA;1
Q1ejepNyB3JeRBDaGbgoohLGzfygnnv5BX7XM5WiTJbA;Yc8ag9EFtnD177kBM3q8fENF5M4qdhQCWvBX98ZuM3zJ;72
Yc8ag9EFtnD177kBM3q8fENF5M4qdhQCWvBX98ZuM3zJ;6JJLLMiRxxvjgQsd9mV3uBLdiha1wTkYKpgF1MBJpZAA;10
6JJLLMiRxxvjgQsd9mV3uBLdiha1wTkYKpgF1MBJpZAA;EtdGfafBMyWNPVVna34W67ZwG5UEQQYmAG5gZa5aguyW;48
EtdGfafBMyWNPVVna34W67ZwG5UEQQYmAG5gZa5aguyW;EqA9w3ZcEL2vhG8CzurLMHJphoARjjiwy8MCe7nFiHed;25
EqA9w3ZcEL2vhG8CzurLMHJphoARjjiwy8MCe7nFiHed;7JXSrzPZ47NvBEa8fVVDdHg2JET9373oRxJa5KVh9S66;67
7JXSrzPZ47NvBEa8fVVDdHg2JET9373oRxJa5KVh9S66;VrweYWtTuMKayi7gbdtn1FGciEZy1wJFbxYupUGaA4YG;89
VrweYWtTuMKayi7gbdtn1FGciEZy1wJFbxYupUGaA4YG;8gSjHLrhEs8Wp3c8vpgkZA3zbLvLR68bgBfwKsJq6cp7;75
8gSjHLrhEs8Wp3c8vpgkZA3zbLvLR68bgBfwKsJq6cp7;WwkB7cn1Uftwb49R3CpvHY7tXFLzyJUhrVYJ8iS54XTE;72
WwkB7cn1Uftwb49R3CpvHY7tXFLzyJUhrVYJ8iS54XTE;axDWHnDAnoFjozpFrxs9Fh9BFcKa4G4HQHfRgN3odwqQ;90
axDWHnDAnoFjozpFrxs9Fh9BFcKa4G4HQHfRgN3odwqQ;YuhyjvWTbt2AQdbphNYeQmVGaTHHgpauwW5y6FS8tVja;92
YuhyjvWTbt2AQdbphNYeQmVGaTHHgpauwW5y6FS8tVja;LqdMEEeWZT7KRW5C9uQ2WyC97kR1nQpeDDX6CnMu2QTv;37
LqdMEEeWZT7KRW5C9uQ2WyC97kR1nQpeDDX6CnMu2QTv;TWi6ySKpM8Y9vYQQiCp8CevkG6D1AnipHM5pMHBsofu8;89
TWi6ySKpM8Y9vYQQiCp8CevkG6D1AnipHM5pMHBsofu8;DGFwGFrcaqGEETEwgk2gm3C1t2Qm5jYXkMEtKkJUFioc;77
DGFwGFrcaqGEETEwgk2gm3C1t2Qm5jYXkMEtKkJUFioc;GSyvP6WTvBuY7bNPhL8wnUYcax8dqbZehEvrn4bYKB6X;32
GSyvP6WTvBuY7bNPhL8wnUYcax8dqbZehEvrn4bYKB6X;T5GWa7VuZRnaJvXmrMEqcBu38ZxfxUMrce1Auf7b5CSv;19
T5GWa7VuZRnaJvXmrMEqcBu38ZxfxUMrce1Auf7b5CSv;6C2KCyo1vmdDvNngHqeAR3Rex7ffsCNULPG4zfcgVR82;99
6C2KCyo1vmdDvNngHqeAR3Rex7ffsCNULPG4zfcgVR82;ABSYyS2U7uZmbAxgZnYcVBCCCokxTcTbbLSU4Q8UoBdT;16
ABSYyS2U7uZmbAxgZnYcVBCCCokxTcTbbLSU4Q8UoBdT;3yEgfr35YDDeNJAhC6wJ1jfTaQPC47fRrPA79p8rnFhX;70
3yEgfr35YDDeNJAhC6wJ1jfTaQPC47fRrPA79p8rnFhX;FJREpFJAqXZooQJmYnbRZFZwsjFJ7VgbMcnNf7qZZzFZ;50
FJREpFJAqXZooQJmYnbRZFZwsjFJ7VgbMcnNf7qZZzFZ;5NFaosDB9KJ29LBVPEq5ohivGRDtTaj5Wv7xqArswDpk;93
5NFaosDB9KJ29LBVPEq5ohivGRDtTaj5Wv7xqArswDpk;WXGtDXC6n8jeiN8sEemL3KbzsZzBhjQU4r96WQeYrKSM;71
WXGtDXC6n8jeiN8sEemL3KbzsZzBhjQU4r96WQeYrKSM;J9KzHLFuQvUkAbhdm94YVMbb9Znju6XDB7cM9AfGiTeN;10
J9KzHLFuQvUkAbhdm94YVMbb9Znju6XDB7cM9AfGiTeN;HvqRckSU9noSLgMuNHa97TKcc1KbCYzZ88u2UgPo3xXt;20
HvqRckSU9noSLgMuNHa97TKcc1KbCYzZ88u2UgPo3xXt;EjPchpaqstfN1sody5Lz3hpYeXTdGqJkpnJ6j7nemT9b;55
EjPchpaqstfN1sody5Lz3hpYeXTdGqJkpnJ6j7nemT9b;XfJNAdZedET2LTCNkyLsCMtVDi2ktzcnG8mt8EV6UrgU;70
XfJNAdZedET2LTCNkyLsCMtVDi2ktzcnG8mt8EV6UrgU;VqmAu5kyTgcAMqRoecYq5dJ45TLJR5dFA6jXTgYt5dwD;7
VqmAu5kyTgcAMqRoecYq5dJ45TLJR5dFA6jXTgYt5dwD;GP93MsKyAd95R9jsHizzh1r2P2prqnwRdtyTnF8BxZt9;51
GP93MsKyAd95R9jsHizzh1r2P2prqnwRdtyTnF8BxZt9;apN9SwWQuwirVH3DeuTJEUomzSWYbExJVUS7mZK2pVts;19
apN9SwWQuwirVH3DeuTJEUomzSWYbExJVUS7mZK2pVts;bFkC5z6r46u45uhPpYwPVC39M3ZR7jNHSPxAzR83pexR;27
bFkC5z6r46u45uhPpYwPVC39M3ZR7jNHSPxAzR83pexR;AxzXed4vc6Ufc2k5phRncUY78B25zMaAGXvD7k6D9TGn;63
AxzXed4vc6Ufc2k5phRncUY78B25zMaAGXvD7k6D9TGn;RLetyCWLtk7myeBFgZN7U1fdNERZcbSA6QAHVWKdjTmL;44
RLetyCWLtk7myeBFgZN7U1fdNERZcbSA6QAHVWKdjTmL;A7JmtJkaGbpFrWfFXzvqk3ZdGeuMo7YRj5Wt4983drqD;3
A7JmtJkaGbpFrWfFXzvqk3ZdGeuMo7YRj5Wt4983drqD;TikDcSiMr779vR5dBz171CRWLvRuFjN5YB4fdpLndJ9W;46
TikDcSiMr779vR5dBz171CRWLvRuFjN5YB4fdpLndJ9W;Y5ww8xPnVH4hXQ9itphPCQvotTk6MF6dZKToyGrGtuWJ;7
Y5ww8xPnVH4hXQ9itphPCQvotTk6MF6dZKToyGrGtuWJ;SCtoQc8Jt3pZFh5bQAdPzX4zmCP4tgpQQRFtXtdX2E4c;3
SCtoQc8Jt3pZFh5bQAdPzX4zmCP4tgpQQRFtXtdX2E4c;8eBHG9N3qZ43zHHQ1XrYcV2LkcYF91S16qfLn2xMzX4U;16
8eBHG9N3qZ43zHHQ1XrYcV2LkcYF91S16qfLn2xMzX4U;Se5nQnLbxzHwD7L3Yx5rLDU6U1ZFJ7jMyHAvthrZnFVG;39
Se5nQnLbxzHwD7L3Yx5rLDU6U1ZFJ7jMyHAvthrZnFVG;3SKXdk5rSmCEendoPuyLKehWZot1c18CwMpQS3wFjTF9;68
3SKXdk5rSmCEendoPuyLKehWZot1c18CwMpQS3wFjTF9;V8QWFAbikwFyD6k4f7iCv3SJWCXjPAV7Anxers4F8cxm;53
V8QWFAbikwFyD6k4f7iCv3SJWCXjPAV7Anxers4F8cxm;9xMwd5zDPmqnqLhivSbwAZxTvCq61PJZNXe48WyJYuCo;68
9xMwd5zDPmqnqLhivSbwAZxTvCq61PJZNXe48WyJYuCo;NHz1rKh6agY4JuWqasBywibsfCudvpbgWTFLTyUhEakd;27
NHz1rKh6agY4JuWqasBywibsfCudvpbgWTFLTyUhEakd;4bNgfpNp9EdHAstxfRhx6XnhcKMGyB7PPB4CwhW1ysTc;46
4bNgfpNp9EdHAstxfRhx6XnhcKMGyB7PPB4CwhW1ysTc;6ZukcDurbNsc8cLRhRBRDgtvXFJyUiCxkCg1gLEAXfXW;27
6ZukcDurbNsc8cLRhRBRDgtvXFJyUiCxkCg1gLEAXfXW;TYYa3LWMH6oPs5MzrQCyeZ9YmzYHzqPmXNgQ6vssonro;45
TYYa3LWMH6oPs5MzrQCyeZ9YmzYHzqPmXNgQ6vssonro;QJonVhT1JiG2wjHHWvGJkzwnY4W3SEHTuSNMqcUBgWFb;93
QJonVhT1JiG2wjHHWvGJkzwnY4W3SEHTuSNMqcUBgWFb;TM4FaDqAJq1kENjq2o6WEzidqDq8n3Hzs9K6s3kwdQ8;8
TM4FaDqAJq1kENjq2o6WEzidqDq8n3Hzs9K6s3kwdQ8;bJCnpShPYZYAxd7JbAscswNZPzWwajvjFrjgAHWRGLd3;45
bJCnpShPYZYAxd7JbAscswNZPzWwajvjFrjgAHWRGLd3;XJHMNRFPJafz5vouMheYbRBoxEpUuijSswXFzS4uF3Tz;94
XJHMNRFPJafz5vouMheYbRBoxEpUuijSswXFzS4uF3Tz;Xh9knzSQDdwpBsEyognxcgnq6RS8TY19CdjGtZ5iB1X5;85
Xh9knzSQDdwpBsEyognxcgnq6RS8TY19CdjGtZ5iB1X5;KrqDqoWiE6rMJeHWdJbXVQgP2vEtER7aq8YBxu1tpaVu;12
KrqDqoWiE6rMJeHWdJbXVQgP2vEtER7aq8YBxu1tpaVu;GSVBXJmDkbmEd2Lrvan6qheQ4idjFQZVszh8t1bWu4QU;1
GSVBXJmDkbmEd2Lrvan6qheQ4idjFQZVszh8t1bWu4QU;DmGcVaoPmo1gTNDoKBvb6putfZav9TeuPmjeagU8eJ8G;23
DmGcVaoPmo1gTNDoKBvb6putfZav9TeuPmjeagU8eJ8G;YHKsJxzcVqL1uqrhuVEfPZnf1ncJN8FuNFXxjrAeryNT;86
YHKsJxzcVqL1uqrhuVEfPZnf1ncJN8FuNFXxjrAeryNT;MRpyEegKTFR6rQn5PzJH8eU1vCJyGxiBcCPjfTz4EFqu;43
MRpyEegKTFR6rQn5PzJH8eU1vCJyGxiBcCPjfTz4EFqu;4nhN1adhrpjgMK1DVXseUC5DyKZ3yeiBiXukeaKjQhso;76
4nhN1adhrpjgMK1DVXseUC5DyKZ3yeiBiXukeaKjQhso;3TwM4Q5NXcKM4uuoNcm2R1XxQm67TNFQyu8vYCogmjcQ;87
3TwM4Q5NXcKM4uuoNcm2R1XxQm67TNFQyu8vYCogmjcQ;6KUn6zg7Mg3kToTkfXGhZERkY77PKe26j7so3LNdMocR;37
6KUn6zg7Mg3kToTkfXGhZERkY77PKe26j7so3LNdMocR;GGXVwweAYPxa5PivviDQcLcXpUo5yu7WyANP4dGRJoaP;94
GGXVwweAYPxa5PivviDQcLcXpUo5yu7WyANP4dGRJoaP;VvafniiCsYyc3K5hJWHL81V66WkUC3TRfqVcVyjNdSBh;79
VvafniiCsYyc3K5hJWHL81V66WkUC3TRfqVcVyjNdSBh;XjX12ZXzLuysAfYf2SnEZcNLmL1GMd2K2mgCh4gYQFzf;83
XjX12ZXzLuysAfYf2SnEZcNLmL1GMd2K2mgCh4gYQFzf;HFRGWcMVv5F3reJRLH9CMc7Kihuht2yoXhar2cBe5vXD;94
HFRGWcMVv5F3reJRLH9CMc7Kihuht2yoXhar2cBe5vXD;um4qQhT1uWS392VjAtaaALTX9WnVWwLJYU2kuuM2shX;58
um4qQhT1uWS392VjAtaaALTX9WnVWwLJYU2kuuM2shX;E45ZmCKE4otmFd35d5YRkb27D23b4Xh25eysZY6o5c5b;59
E45ZmCKE4otmFd35d5YRkb27D23b4Xh25eysZY6o5c5b;G7Dd48KTfgGBsvdQmE95iGfhPzcDH1HFgXD21e6bAYJR;31
G7Dd48KTfgGBsvdQmE95iGfhPzcDH1HFgXD21e6bAYJR;KTboroc3ZeBfYbEr89L7NtNML6AUdnuLyQrYymYPdMqF;42
KTboroc3ZeBfYbEr89L7NtNML6AUdnuLyQrYymYPdMqF;XoM3JZAw5LEpHAYKKCTJ3JnL5a8ALVE4a3hw3EQ9NvFT;90
XoM3JZAw5LEpHAYKKCTJ3JnL5a8ALVE4a3hw3EQ9NvFT;Tbq1mDHDMoWQGE8LdBkcGSZ5zqGkwnw4DCo66LvbNoaq;15
Tbq1mDHDMoWQGE8LdBkcGSZ5zqGkwnw4DCo66LvbNoaq;79B1jE7AW1FE8XUo3d3dFcfQaVuw53VsPPbqYFST77w6;83
79B1jE7AW1FE8XUo3d3dFcfQaVuw53VsPPbqYFST77w6;71qyJEPgKXQp8ZLXrpZviBTxZ9J9jDcNuRMHZGFUbXNP;73
71qyJEPgKXQp8ZLXrpZviBTxZ9J9jDcNuRMHZGFUbXNP;QkpLGrUBrwccTBE2MSXRaVuBhs9eRvH22a6EoZpKz31p;49
QkpLGrUBrwccTBE2MSXRaVuBhs9eRvH22a6EoZpKz31p;Bcqa7uQERvTNaocmA1cRFpY7gUMDkfTnry4uT3SScy56;21
Bcqa7uQERvTNaocmA1cRFpY7gUMDkfTnry4uT3SScy56;DdU5o4Q1Hdq49ab36HsbHXzoDh7ccHxzjuD5gNPhCWxX;11
DdU5o4Q1Hdq49ab36HsbHXzoDh7ccHxzjuD5gNPhCWxX;EkuexJu8pN6RQsVf2NU1xjKrw3ChEG16Rts5mSP5oUrt;4
